{
    "loss": 0.015255069360136986,
    "accuracy": 0.9901960492134094
}